Stock,Accuracy
AAPL,0.5353535353535354
TSLA,0.5204081632653061
MSFT,0.5463556851311954
GOOGL,0.5095541401273885
AMZN,0.5173913043478261
NVDA,0.5249294449670743
NFLX,0.5467706013363028
IBM,0.5274650290003412
ORCL,0.5571095571095571
JPM,0.5302279484638256
