Stock,Accuracy
AAPL,0.547979797979798
AMZN,0.5113043478260869
GOOGL,0.5197452229299363
IBM,0.5281473899692938
JPM,0.533201189296333
MSFT,0.5381924198250729
NFLX,0.5434298440979956
NVDA,0.5192850423330198
ORCL,0.5547785547785548
TSLA,0.5285714285714286
